<?xml version="1.0"?>
<pagescount>
	<html_total>5</html_total>
	<html_done>5</html_done>
	<images>31</images>
	<script>16</script>
	<css>8</css>
	<pdf/>
	<documents/>
	<excel/>
	<powerpoint/>
	<flash/>
	<audios/>
	<videos/>
	<xml/>
	<json/>
	<txt/>
	<autocad/>
	<fonts>8</fonts>
	<scraping_reload>1</scraping_reload>
	<is_pretty_url>false</is_pretty_url>
	<is_ebn>false</is_ebn>
	<email>sanowardwnofficial@gmail.com</email>
	<theme_name>WmdTheme499133</theme_name>
	<server_url_front_page>https://www6.waybackmachinedownloader.com/wdo/files/demo/preview.colorlib.com_sanowardwnofficial_gmail.com_vrlmct7csp/</server_url_front_page>
	<no_www_url>preview.colorlib.com</no_www_url>
	<hosted_domain/>
	<original_archive_url>https://preview.colorlib.com/theme/coloshop/index.html</original_archive_url>
	<final_archive_url>https://preview.colorlib.com/theme/coloshop/index.html</final_archive_url>
	<front_page_code_date/>
	<total_urls_from_api/>
	<max_reached_live>false</max_reached_live>
	<scrape_other_captures>false</scrape_other_captures>
	<total_size>4572</total_size>
</pagescount>
